,repository_name,language
0,,
1,,Java
2,,C
3,,Python
4,,Java
5,,Java
6,,Groovy
7,,Java
8,,Scala
9,,Python
10,,Shell
11,,Groovy
12,,Ruby
13,,Ruby
14,,C
15,,Go
16,,JavaScript
17,,Python
18,,Java
19,,Python
20,,C++
21,,Java
22,,Go
23,,
24,,Python
25,,Java
26,,Java
27,,Java
28,,Python
29,,JavaScript
30,,Python
31,,Java
32,,Java
33,,Java
34,,HTML
35,,Kotlin
36,,Java
37,,Java
38,,Java
39,,Java
40,,Kotlin
41,,Kotlin
42,,Java
43,,Kotlin
44,,Kotlin
45,,Kotlin
46,,C
47,,Python
48,,Shell
49,,Java
50,,Java
51,,C
52,,Java
53,,Java
54,,
55,,Scala
56,,Java
57,,JavaScript
58,,JavaScript
59,,JavaScript
60,,JavaScript
61,,JavaScript
62,,JavaScript
63,,Java
64,,JavaScript
65,,Java
66,,Java
67,,JavaScript
68,,JavaScript
69,,JavaScript
70,,HTML
71,,JavaScript
72,,HTML
73,,JavaScript
74,,JavaScript
75,,JavaScript
76,,JavaScript
77,,JavaScript
78,,JavaScript
79,,HTML
80,,JavaScript
81,,JavaScript
82,,Ruby
83,,Java
84,,C#
85,,Python
86,,Java
87,,Java
88,,Groovy
89,,Go
90,,Go
91,,Go
92,,Java
93,,Java
94,,Go
95,,Java
96,,Java
97,,Python
98,,Java
99,,Java
100,,Java
101,,
102,,Python
103,,JavaScript
104,,Java
105,,Python
106,,Python
107,,JavaScript
108,,Java
109,,Java
110,,JavaScript
111,,Java
112,,Java
113,,Java
114,,Groovy
115,,
116,,Clojure
117,,Java
118,,
119,,Java
120,,TypeScript
121,,Jupyter Notebook
122,,Java
123,,Python
124,,JavaScript
125,,Python
126,,Python
127,,Python
128,,HCL
129,,TypeScript
130,,Go
131,,C++
132,,HTML
133,,JavaScript
134,,Java
135,,Java
136,,HTML
137,,
138,,TypeScript
139,,
140,,Python
141,,C++
142,,Java
143,,Java
144,,
145,,Python
146,,Python
147,,Scala
148,,Go
149,,Java
150,,Clojure
151,,JavaScript
152,,HTML
153,,Java
154,,Java
155,,TypeScript
156,,Python
157,,JavaScript
158,,Java
159,,Java
160,,Java
161,,Java
162,,C
163,,Java
164,,Go
165,,Go
166,,Go
167,,Python
168,,Ruby
169,,Java
170,,Java
171,,Java
172,,Java
173,,
174,,Python
175,,Java
176,,R
177,,Go
178,,Java
179,,Dockerfile
180,,Scala
181,,Java
182,,C++
183,,Go
184,,JavaScript
185,,Python
186,,Ruby
187,,Java
188,,Python
189,,Java
190,,Java
191,,C
192,,C
193,,
194,,
195,,Makefile
196,,Java
197,,Go
198,,Go
199,,Go
200,,Go
201,,JavaScript
202,,Java
203,,JavaScript
204,,R
205,,JavaScript
206,,D
207,,
208,,JavaScript
209,,JavaScript
210,,JavaScript
211,,JavaScript
212,,Python
213,,
214,,
215,,JavaScript
216,,Go
217,,Ruby
218,,JavaScript
219,,JavaScript
220,,JavaScript
221,,Java
222,,Java
